[
  {
    "slug": "tee-cotton-adult",
    "title": "Playera de algodón (adulto)",
    "garmentType": "t-shirt",
    "audience": "adult-men",
    "colorSetKey": "colors.cotton.adult",
    "sizeGuideKey": "tee.adult",
    "composition": "100% algodón (uniformes); mezclas para jaspe/neón según color",
    "plans": [
      {
        "planKey": "large",
        "description": "1 Estampado Grande",
        "technique": "DTF",
        "priceTiers": [
          { "range": { "min": 1, "max": 11 }, "price": 290 },
          { "range": { "min": 12, "max": 36 }, "price": 265 },
          { "range": { "min": 37, "max": null }, "price": 220 }
        ]
      },
      {
        "planKey": "small",
        "description": "1 Estampado Chico",
        "technique": "DTF",
        "priceTiers": [
          { "range": { "min": 1, "max": 11 }, "price": 220 },
          { "range": { "min": 12, "max": 36 }, "price": 195 },
          { "range": { "min": 37, "max": null }, "price": 180 }
        ]
      },
      {
        "planKey": "small+large",
        "description": "1 Chico y 1 Grande",
        "technique": "DTF",
        "priceTiers": [
          { "range": { "min": 1, "max": 11 }, "price": 320 },
          { "range": { "min": 12, "max": 36 }, "price": 280 },
          { "range": { "min": 37, "max": null }, "price": 250 }
        ]
      },
      {
        "planKey": "2large",
        "description": "2 Estampados Grandes",
        "technique": "DTF",
        "priceTiers": [
          { "range": { "min": 1, "max": 11 }, "price": 390 },
          { "range": { "min": 12, "max": 36 }, "price": 365 },
          { "range": { "min": 37, "max": null }, "price": 320 }
        ]
      }
    ]
  },
  {
    "slug": "tee-poly-sublimated",
    "title": "Playera sublimada (adulto)",
    "garmentType": "t-shirt",
    "audience": "adult-men",
    "colorSetKey": "colors.sublimated.white-only",
    "sizeGuideKey": "tee.adult",
    "baseColorRestriction": "solo-blanco",
    "composition": "100% poliéster",
    "plans": [
      {
        "planKey": "large",
        "description": "1 Diseño Grande",
        "technique": "sublimación",
        "priceTiers": [
          { "range": { "min": 1, "max": 11 }, "price": 220 },
          { "range": { "min": 12, "max": 36 }, "price": 180 },
          { "range": { "min": 37, "max": null }, "price": 160 }
        ]
      },
      {
        "planKey": "small",
        "description": "1 Diseño Chico",
        "technique": "sublimación",
        "priceTiers": [
          { "range": { "min": 1, "max": 11 }, "price": 160 },
          { "range": { "min": 12, "max": 36 }, "price": 135 },
          { "range": { "min": 37, "max": null }, "price": 125 }
        ]
      },
      {
        "planKey": "small+large",
        "description": "1 Chico y 1 Grande",
        "technique": "sublimación",
        "priceTiers": [
          { "range": { "min": 1, "max": 11 }, "price": 250 },
          { "range": { "min": 12, "max": 36 }, "price": 220 },
          { "range": { "min": 37, "max": null }, "price": 180 }
        ]
      },
      {
        "planKey": "2large",
        "description": "2 Diseños Grandes",
        "technique": "sublimación",
        "priceTiers": [
          { "range": { "min": 1, "max": 11 }, "price": 290 },
          { "range": { "min": 12, "max": 36 }, "price": 265 },
          { "range": { "min": 37, "max": null }, "price": 220 }
        ]
      }
    ]
  },
  {
    "slug": "tee-kids-cotton",
    "title": "Playera para niño",
    "garmentType": "t-shirt",
    "audience": "kids",
    "colorSetKey": "colors.kids",
    "sizeGuideKey": "tee.kids",
    "composition": "100% algodón (uniformes); 65/35 en neón",
    "plans": [
      {
        "planKey": "large",
        "description": "1 Diseño Grande",
        "technique": "DTF",
        "priceTiers": [
          { "range": { "min": 1, "max": 11 }, "price": 180 },
          { "range": { "min": 12, "max": 36 }, "price": 145 },
          { "range": { "min": 37, "max": null }, "price": 125 }
        ]
      },
      {
        "planKey": "small",
        "description": "1 Diseño Chico",
        "technique": "DTF",
        "priceTiers": [
          { "range": { "min": 1, "max": 11 }, "price": 140 },
          { "range": { "min": 12, "max": 36 }, "price": 115 },
          { "range": { "min": 37, "max": null }, "price": 95 }
        ]
      },
      {
        "planKey": "small+large",
        "description": "1 Chico y 1 Grande",
        "technique": "DTF",
        "priceTiers": [
          { "range": { "min": 1, "max": 11 }, "price": 200 },
          { "range": { "min": 12, "max": 36 }, "price": 165 },
          { "range": { "min": 37, "max": null }, "price": 135 }
        ]
      },
      {
        "planKey": "2large",
        "description": "2 Diseños Grandes",
        "technique": "DTF",
        "priceTiers": [
          { "range": { "min": 1, "max": 11 }, "price": 230 },
          { "range": { "min": 12, "max": 36 }, "price": 205 },
          { "range": { "min": 37, "max": null }, "price": 180 }
        ]
      }
    ]
  },
  {
    "slug": "hoodie-hood-pouch",
    "title": "Sudadera con capucha y cangurera",
    "garmentType": "hoodie",
    "audience": "unisex",
    "colorSetKey": "colors.hoodie",
    "sizeGuideKey": "hoodie.unisex",
    "composition": "80% algodón peinado / 20% poliéster",
    "plans": [
      {
        "planKey": "small",
        "description": "1 Diseño Chico",
        "technique": "DTF",
        "priceTiers": [
          { "range": { "min": 1, "max": 11 }, "price": 410 },
          { "range": { "min": 12, "max": 36 }, "price": 390 },
          { "range": { "min": 37, "max": null }, "price": 350 }
        ]
      },
      {
        "planKey": "large",
        "description": "1 Diseño Grande",
        "technique": "DTF",
        "priceTiers": [
          { "range": { "min": 1, "max": 11 }, "price": 450 },
          { "range": { "min": 12, "max": 36 }, "price": 420 },
          { "range": { "min": 37, "max": null }, "price": 390 }
        ]
      },
      {
        "planKey": "small+large",
        "description": "1 Chico y 1 Grande",
        "technique": "DTF",
        "priceTiers": [
          { "range": { "min": 1, "max": 11 }, "price": 480 },
          { "range": { "min": 12, "max": 36 }, "price": 460 },
          { "range": { "min": 37, "max": null }, "price": 410 }
        ]
      },
      {
        "planKey": "2large",
        "description": "2 Diseños Grandes",
        "technique": "DTF",
        "priceTiers": [
          { "range": { "min": 1, "max": 11 }, "price": 550 },
          { "range": { "min": 12, "max": 36 }, "price": 520 },
          { "range": { "min": 37, "max": null }, "price": 490 }
        ]
      }
    ]
  },
  {
    "slug": "hoodie-plain",
    "title": "Sudadera lisa",
    "garmentType": "hoodie",
    "audience": "unisex",
    "colorSetKey": "colors.hoodie",
    "sizeGuideKey": "hoodie.unisex",
    "composition": "80% algodón peinado / 20% poliéster",
    "plans": [
      {
        "planKey": "small",
        "description": "1 Diseño Chico",
        "technique": "DTF",
        "priceTiers": [
          { "range": { "min": 1, "max": 11 }, "price": 330 },
          { "range": { "min": 12, "max": 36 }, "price": 310 },
          { "range": { "min": 37, "max": null }, "price": 270 }
        ]
      },
      {
        "planKey": "large",
        "description": "1 Diseño Grande",
        "technique": "DTF",
        "priceTiers": [
          { "range": { "min": 1, "max": 11 }, "price": 390 },
          { "range": { "min": 12, "max": 36 }, "price": 360 },
          { "range": { "min": 37, "max": null }, "price": 330 }
        ]
      },
      {
        "planKey": "small+large",
        "description": "1 Chico y 1 Grande",
        "technique": "DTF",
        "priceTiers": [
          { "range": { "min": 1, "max": 11 }, "price": 420 },
          { "range": { "min": 12, "max": 36 }, "price": 395 },
          { "range": { "min": 37, "max": null }, "price": 380 }
        ]
      },
      {
        "planKey": "2large",
        "description": "2 Diseños Grandes",
        "technique": "DTF",
        "priceTiers": [
          { "range": { "min": 1, "max": 11 }, "price": 490 },
          { "range": { "min": 12, "max": 36 }, "price": 460 },
          { "range": { "min": 37, "max": null }, "price": 430 }
        ]
      }
    ]
  }
]